,score,pipeline,n_dr,thres,subject,session,channels,n_sessions,FreqBand,dataset,fmin,fmax,samples,time,split
0,0.8650793650793651,RegCSP+shLDA,22,0,1,session_0,22,1,defaultBand,001-2014,8,35,216,0.0,0
1,0.8412698412698413,CSP+optSVM,22,0,1,session_0,22,1,defaultBand,001-2014,8,35,216,0.0,0
2,0.8190476190476191,FgMDM,22,0,1,session_0,22,1,defaultBand,001-2014,8,35,216,0.0,0
3,0.8888888888888888,ensemble-noDR,22,0,1,session_0,22,1,defaultBand,001-2014,8,35,216,0.0,0
4,0.8412698412698413,cov+elasticnet,22,0,1,session_0,22,1,defaultBand,001-2014,8,35,216,0.0,0
5,0.7063492063492064,imcoh+elasticnet,22,0,1,session_0,22,1,defaultBand,001-2014,8,35,216,0.0,0
6,0.9111111111111111,instantaneous+elasticnet,22,0,1,session_0,22,1,defaultBand,001-2014,8,35,216,0.0,0
7,0.8634920634920634,RegCSP+shLDA,22,0,1,session_0,22,1,defaultBand,001-2014,8,35,216,0.0,1
8,0.8380952380952381,CSP+optSVM,22,0,1,session_0,22,1,defaultBand,001-2014,8,35,216,0.0,1
9,0.9095238095238095,FgMDM,22,0,1,session_0,22,1,defaultBand,001-2014,8,35,216,0.0,1
10,0.9095238095238095,ensemble-noDR,22,0,1,session_0,22,1,defaultBand,001-2014,8,35,216,0.0,1
11,0.9095238095238095,cov+elasticnet,22,0,1,session_0,22,1,defaultBand,001-2014,8,35,216,0.0,1
12,0.6793650793650793,imcoh+elasticnet,22,0,1,session_0,22,1,defaultBand,001-2014,8,35,216,0.0,1
13,0.8650793650793651,instantaneous+elasticnet,22,0,1,session_0,22,1,defaultBand,001-2014,8,35,216,0.0,1
14,0.8841269841269841,RegCSP+shLDA,22,0,1,session_0,22,1,defaultBand,001-2014,8,35,216,0.0,2
15,0.8619047619047618,CSP+optSVM,22,0,1,session_0,22,1,defaultBand,001-2014,8,35,216,0.0,2
16,0.8396825396825397,FgMDM,22,0,1,session_0,22,1,defaultBand,001-2014,8,35,216,0.0,2
17,0.8873015873015873,ensemble-noDR,22,0,1,session_0,22,1,defaultBand,001-2014,8,35,216,0.0,2
18,0.9317460317460317,cov+elasticnet,22,0,1,session_0,22,1,defaultBand,001-2014,8,35,216,0.0,2
19,0.6015873015873016,imcoh+elasticnet,22,0,1,session_0,22,1,defaultBand,001-2014,8,35,216,0.0,2
20,0.8873015873015873,instantaneous+elasticnet,22,0,1,session_0,22,1,defaultBand,001-2014,8,35,216,0.0,2
21,0.8841269841269841,RegCSP+shLDA,22,0,1,session_0,22,1,defaultBand,001-2014,8,35,216,0.0,3
22,0.9317460317460317,CSP+optSVM,22,0,1,session_0,22,1,defaultBand,001-2014,8,35,216,0.0,3
23,0.8841269841269841,FgMDM,22,0,1,session_0,22,1,defaultBand,001-2014,8,35,216,0.0,3
24,0.9063492063492063,ensemble-noDR,22,0,1,session_0,22,1,defaultBand,001-2014,8,35,216,0.0,3
25,0.8841269841269841,cov+elasticnet,22,0,1,session_0,22,1,defaultBand,001-2014,8,35,216,0.0,3
26,0.7015873015873016,imcoh+elasticnet,22,0,1,session_0,22,1,defaultBand,001-2014,8,35,216,0.0,3
27,0.8587301587301587,instantaneous+elasticnet,22,0,1,session_0,22,1,defaultBand,001-2014,8,35,216,0.0,3
28,0.953968253968254,RegCSP+shLDA,22,0,1,session_0,22,1,defaultBand,001-2014,8,35,216,0.0,4
29,0.9301587301587301,CSP+optSVM,22,0,1,session_0,22,1,defaultBand,001-2014,8,35,216,0.0,4
30,0.9063492063492063,FgMDM,22,0,1,session_0,22,1,defaultBand,001-2014,8,35,216,0.0,4
31,0.9079365079365079,ensemble-noDR,22,0,1,session_0,22,1,defaultBand,001-2014,8,35,216,0.0,4
32,0.9301587301587301,cov+elasticnet,22,0,1,session_0,22,1,defaultBand,001-2014,8,35,216,0.0,4
33,0.5380952380952381,imcoh+elasticnet,22,0,1,session_0,22,1,defaultBand,001-2014,8,35,216,0.0,4
34,0.9079365079365079,instantaneous+elasticnet,22,0,1,session_0,22,1,defaultBand,001-2014,8,35,216,0.0,4
35,0.8174603174603176,RegCSP+shLDA,22,0,1,session_0,22,1,defaultBand,001-2014,8,35,216,0.0,0
36,0.7698412698412699,CSP+optSVM,22,0,1,session_0,22,1,defaultBand,001-2014,8,35,216,0.0,0
37,0.861904761904762,FgMDM,22,0,1,session_0,22,1,defaultBand,001-2014,8,35,216,0.0,0
38,0.9079365079365079,ensemble-noDR,22,0,1,session_0,22,1,defaultBand,001-2014,8,35,216,0.0,0
39,0.9079365079365079,cov+elasticnet,22,0,1,session_0,22,1,defaultBand,001-2014,8,35,216,0.0,0
40,0.4841269841269842,imcoh+elasticnet,22,0,1,session_0,22,1,defaultBand,001-2014,8,35,216,0.0,0
41,0.8841269841269841,instantaneous+elasticnet,22,0,1,session_0,22,1,defaultBand,001-2014,8,35,216,0.0,0
42,0.8587301587301587,RegCSP+shLDA,22,0,1,session_0,22,1,defaultBand,001-2014,8,35,216,0.0,1
43,0.834920634920635,CSP+optSVM,22,0,1,session_0,22,1,defaultBand,001-2014,8,35,216,0.0,1
44,0.7888888888888889,FgMDM,22,0,1,session_0,22,1,defaultBand,001-2014,8,35,216,0.0,1
45,0.9301587301587301,ensemble-noDR,22,0,1,session_0,22,1,defaultBand,001-2014,8,35,216,0.0,1
46,0.8825396825396826,cov+elasticnet,22,0,1,session_0,22,1,defaultBand,001-2014,8,35,216,0.0,1
47,0.5587301587301586,imcoh+elasticnet,22,0,1,session_0,22,1,defaultBand,001-2014,8,35,216,0.0,1
48,0.8126984126984126,instantaneous+elasticnet,22,0,1,session_0,22,1,defaultBand,001-2014,8,35,216,0.0,1
49,0.8587301587301587,RegCSP+shLDA,22,0,1,session_0,22,1,defaultBand,001-2014,8,35,216,0.0,2
50,0.8587301587301587,CSP+optSVM,22,0,1,session_0,22,1,defaultBand,001-2014,8,35,216,0.0,2
51,0.8142857142857144,FgMDM,22,0,1,session_0,22,1,defaultBand,001-2014,8,35,216,0.0,2
52,0.8841269841269841,ensemble-noDR,22,0,1,session_0,22,1,defaultBand,001-2014,8,35,216,0.0,2
53,0.9063492063492063,cov+elasticnet,22,0,1,session_0,22,1,defaultBand,001-2014,8,35,216,0.0,2
54,0.5984126984126984,imcoh+elasticnet,22,0,1,session_0,22,1,defaultBand,001-2014,8,35,216,0.0,2
55,0.9063492063492063,instantaneous+elasticnet,22,0,1,session_0,22,1,defaultBand,001-2014,8,35,216,0.0,2
56,0.7174603174603175,RegCSP+shLDA,22,0,1,session_0,22,1,defaultBand,001-2014,8,35,216,0.0,3
57,0.7412698412698413,CSP+optSVM,22,0,1,session_0,22,1,defaultBand,001-2014,8,35,216,0.0,3
58,0.8126984126984128,FgMDM,22,0,1,session_0,22,1,defaultBand,001-2014,8,35,216,0.0,3
59,0.7904761904761907,ensemble-noDR,22,0,1,session_0,22,1,defaultBand,001-2014,8,35,216,0.0,3
60,0.7428571428571429,cov+elasticnet,22,0,1,session_0,22,1,defaultBand,001-2014,8,35,216,0.0,3
61,0.5777777777777778,imcoh+elasticnet,22,0,1,session_0,22,1,defaultBand,001-2014,8,35,216,0.0,3
62,0.8126984126984128,instantaneous+elasticnet,22,0,1,session_0,22,1,defaultBand,001-2014,8,35,216,0.0,3
63,0.7904761904761907,RegCSP+shLDA,22,0,1,session_0,22,1,defaultBand,001-2014,8,35,216,0.0,4
64,0.765079365079365,CSP+optSVM,22,0,1,session_0,22,1,defaultBand,001-2014,8,35,216,0.0,4
65,0.7698412698412698,FgMDM,22,0,1,session_0,22,1,defaultBand,001-2014,8,35,216,0.0,4
66,0.8825396825396825,ensemble-noDR,22,0,1,session_0,22,1,defaultBand,001-2014,8,35,216,0.0,4
67,0.8365079365079365,cov+elasticnet,22,0,1,session_0,22,1,defaultBand,001-2014,8,35,216,0.0,4
68,0.5412698412698412,imcoh+elasticnet,22,0,1,session_0,22,1,defaultBand,001-2014,8,35,216,0.0,4
69,0.7428571428571429,instantaneous+elasticnet,22,0,1,session_0,22,1,defaultBand,001-2014,8,35,216,0.0,4
70,0.546031746031746,RegCSP+shLDA,22,0,2,session_0,22,1,defaultBand,001-2014,8,35,216,0.0,0
71,0.546031746031746,CSP+optSVM,22,0,2,session_0,22,1,defaultBand,001-2014,8,35,216,0.0,0
72,0.7269841269841271,FgMDM,22,0,2,session_0,22,1,defaultBand,001-2014,8,35,216,0.0,0
73,0.6825396825396827,ensemble-noDR,22,0,2,session_0,22,1,defaultBand,001-2014,8,35,216,0.0,0
74,0.6365079365079365,cov+elasticnet,22,0,2,session_0,22,1,defaultBand,001-2014,8,35,216,0.0,0
75,0.2523809523809524,imcoh+elasticnet,22,0,2,session_0,22,1,defaultBand,001-2014,8,35,216,0.0,0
76,0.7507936507936508,instantaneous+elasticnet,22,0,2,session_0,22,1,defaultBand,001-2014,8,35,216,0.0,0
77,0.5158730158730159,RegCSP+shLDA,22,0,2,session_0,22,1,defaultBand,001-2014,8,35,216,0.0,1
78,0.5634920634920635,CSP+optSVM,22,0,2,session_0,22,1,defaultBand,001-2014,8,35,216,0.0,1
79,0.673015873015873,FgMDM,22,0,2,session_0,22,1,defaultBand,001-2014,8,35,216,0.0,1
80,0.7015873015873016,ensemble-noDR,22,0,2,session_0,22,1,defaultBand,001-2014,8,35,216,0.0,1
81,0.6999999999999998,cov+elasticnet,22,0,2,session_0,22,1,defaultBand,001-2014,8,35,216,0.0,1
82,0.34603174603174597,imcoh+elasticnet,22,0,2,session_0,22,1,defaultBand,001-2014,8,35,216,0.0,1
83,0.6523809523809524,instantaneous+elasticnet,22,0,2,session_0,22,1,defaultBand,001-2014,8,35,216,0.0,1
84,0.5412698412698412,RegCSP+shLDA,22,0,2,session_0,22,1,defaultBand,001-2014,8,35,216,0.0,2
85,0.5603174603174602,CSP+optSVM,22,0,2,session_0,22,1,defaultBand,001-2014,8,35,216,0.0,2
86,0.580952380952381,FgMDM,22,0,2,session_0,22,1,defaultBand,001-2014,8,35,216,0.0,2
87,0.561904761904762,ensemble-noDR,22,0,2,session_0,22,1,defaultBand,001-2014,8,35,216,0.0,2
88,0.5825396825396826,cov+elasticnet,22,0,2,session_0,22,1,defaultBand,001-2014,8,35,216,0.0,2
89,0.3968253968253968,imcoh+elasticnet,22,0,2,session_0,22,1,defaultBand,001-2014,8,35,216,0.0,2
90,0.5603174603174604,instantaneous+elasticnet,22,0,2,session_0,22,1,defaultBand,001-2014,8,35,216,0.0,2
91,0.6317460317460317,RegCSP+shLDA,22,0,2,session_0,22,1,defaultBand,001-2014,8,35,216,0.0,3
92,0.5603174603174602,CSP+optSVM,22,0,2,session_0,22,1,defaultBand,001-2014,8,35,216,0.0,3
93,0.6920634920634919,FgMDM,22,0,2,session_0,22,1,defaultBand,001-2014,8,35,216,0.0,3
94,0.8126984126984128,ensemble-noDR,22,0,2,session_0,22,1,defaultBand,001-2014,8,35,216,0.0,3
95,0.7888888888888889,cov+elasticnet,22,0,2,session_0,22,1,defaultBand,001-2014,8,35,216,0.0,3
96,0.4619047619047619,imcoh+elasticnet,22,0,2,session_0,22,1,defaultBand,001-2014,8,35,216,0.0,3
97,0.6507936507936507,instantaneous+elasticnet,22,0,2,session_0,22,1,defaultBand,001-2014,8,35,216,0.0,3
98,0.5285714285714286,RegCSP+shLDA,22,0,2,session_0,22,1,defaultBand,001-2014,8,35,216,0.0,4
99,0.6460317460317461,CSP+optSVM,22,0,2,session_0,22,1,defaultBand,001-2014,8,35,216,0.0,4
100,0.557142857142857,FgMDM,22,0,2,session_0,22,1,defaultBand,001-2014,8,35,216,0.0,4
101,0.580952380952381,ensemble-noDR,22,0,2,session_0,22,1,defaultBand,001-2014,8,35,216,0.0,4
102,0.673015873015873,cov+elasticnet,22,0,2,session_0,22,1,defaultBand,001-2014,8,35,216,0.0,4
103,0.5603174603174603,imcoh+elasticnet,22,0,2,session_0,22,1,defaultBand,001-2014,8,35,216,0.0,4
104,0.5349206349206349,instantaneous+elasticnet,22,0,2,session_0,22,1,defaultBand,001-2014,8,35,216,0.0,4
105,0.7031746031746032,RegCSP+shLDA,22,0,2,session_0,22,1,defaultBand,001-2014,8,35,216,0.0,0
106,0.6793650793650793,CSP+optSVM,22,0,2,session_0,22,1,defaultBand,001-2014,8,35,216,0.0,0
107,0.7507936507936508,FgMDM,22,0,2,session_0,22,1,defaultBand,001-2014,8,35,216,0.0,0
108,0.6142857142857143,ensemble-noDR,22,0,2,session_0,22,1,defaultBand,001-2014,8,35,216,0.0,0
109,0.6365079365079365,cov+elasticnet,22,0,2,session_0,22,1,defaultBand,001-2014,8,35,216,0.0,0
110,0.43174603174603177,imcoh+elasticnet,22,0,2,session_0,22,1,defaultBand,001-2014,8,35,216,0.0,0
111,0.6126984126984126,instantaneous+elasticnet,22,0,2,session_0,22,1,defaultBand,001-2014,8,35,216,0.0,0
112,0.673015873015873,RegCSP+shLDA,22,0,2,session_0,22,1,defaultBand,001-2014,8,35,216,0.0,1
113,0.6698412698412698,CSP+optSVM,22,0,2,session_0,22,1,defaultBand,001-2014,8,35,216,0.0,1
114,0.5841269841269842,FgMDM,22,0,2,session_0,22,1,defaultBand,001-2014,8,35,216,0.0,1
115,0.6285714285714286,ensemble-noDR,22,0,2,session_0,22,1,defaultBand,001-2014,8,35,216,0.0,1
116,0.6761904761904761,cov+elasticnet,22,0,2,session_0,22,1,defaultBand,001-2014,8,35,216,0.0,1
117,0.6111111111111112,imcoh+elasticnet,22,0,2,session_0,22,1,defaultBand,001-2014,8,35,216,0.0,1
118,0.6079365079365079,instantaneous+elasticnet,22,0,2,session_0,22,1,defaultBand,001-2014,8,35,216,0.0,1
119,0.6555555555555556,RegCSP+shLDA,22,0,2,session_0,22,1,defaultBand,001-2014,8,35,216,0.0,2
120,0.6619047619047619,CSP+optSVM,22,0,2,session_0,22,1,defaultBand,001-2014,8,35,216,0.0,2
121,0.7000000000000001,FgMDM,22,0,2,session_0,22,1,defaultBand,001-2014,8,35,216,0.0,2
122,0.6555555555555556,ensemble-noDR,22,0,2,session_0,22,1,defaultBand,001-2014,8,35,216,0.0,2
123,0.6571428571428571,cov+elasticnet,22,0,2,session_0,22,1,defaultBand,001-2014,8,35,216,0.0,2
124,0.4936507936507936,imcoh+elasticnet,22,0,2,session_0,22,1,defaultBand,001-2014,8,35,216,0.0,2
125,0.7222222222222222,instantaneous+elasticnet,22,0,2,session_0,22,1,defaultBand,001-2014,8,35,216,0.0,2
126,0.6317460317460317,RegCSP+shLDA,22,0,2,session_0,22,1,defaultBand,001-2014,8,35,216,0.0,3
127,0.6317460317460317,CSP+optSVM,22,0,2,session_0,22,1,defaultBand,001-2014,8,35,216,0.0,3
128,0.7031746031746032,FgMDM,22,0,2,session_0,22,1,defaultBand,001-2014,8,35,216,0.0,3
129,0.7746031746031746,ensemble-noDR,22,0,2,session_0,22,1,defaultBand,001-2014,8,35,216,0.0,3
130,0.7730158730158729,cov+elasticnet,22,0,2,session_0,22,1,defaultBand,001-2014,8,35,216,0.0,3
131,0.33015873015873015,imcoh+elasticnet,22,0,2,session_0,22,1,defaultBand,001-2014,8,35,216,0.0,3
132,0.7015873015873016,instantaneous+elasticnet,22,0,2,session_0,22,1,defaultBand,001-2014,8,35,216,0.0,3
133,0.5031746031746032,RegCSP+shLDA,22,0,2,session_0,22,1,defaultBand,001-2014,8,35,216,0.0,4
134,0.5746031746031747,CSP+optSVM,22,0,2,session_0,22,1,defaultBand,001-2014,8,35,216,0.0,4
135,0.6476190476190476,FgMDM,22,0,2,session_0,22,1,defaultBand,001-2014,8,35,216,0.0,4
136,0.7158730158730159,ensemble-noDR,22,0,2,session_0,22,1,defaultBand,001-2014,8,35,216,0.0,4
137,0.6952380952380953,cov+elasticnet,22,0,2,session_0,22,1,defaultBand,001-2014,8,35,216,0.0,4
138,0.46349206349206346,imcoh+elasticnet,22,0,2,session_0,22,1,defaultBand,001-2014,8,35,216,0.0,4
139,0.7142857142857143,instantaneous+elasticnet,22,0,2,session_0,22,1,defaultBand,001-2014,8,35,216,0.0,4
140,0.9111111111111111,RegCSP+shLDA,22,0,3,session_0,22,1,defaultBand,001-2014,8,35,216,0.0,0
141,0.9111111111111111,CSP+optSVM,22,0,3,session_0,22,1,defaultBand,001-2014,8,35,216,0.0,0
142,0.888888888888889,FgMDM,22,0,3,session_0,22,1,defaultBand,001-2014,8,35,216,0.0,0
143,0.9555555555555556,ensemble-noDR,22,0,3,session_0,22,1,defaultBand,001-2014,8,35,216,0.0,0
144,0.9333333333333332,cov+elasticnet,22,0,3,session_0,22,1,defaultBand,001-2014,8,35,216,0.0,0
145,0.5507936507936507,imcoh+elasticnet,22,0,3,session_0,22,1,defaultBand,001-2014,8,35,216,0.0,0
146,0.8873015873015874,instantaneous+elasticnet,22,0,3,session_0,22,1,defaultBand,001-2014,8,35,216,0.0,0
147,0.953968253968254,RegCSP+shLDA,22,0,3,session_0,22,1,defaultBand,001-2014,8,35,216,0.0,1
148,0.953968253968254,CSP+optSVM,22,0,3,session_0,22,1,defaultBand,001-2014,8,35,216,0.0,1
149,0.9301587301587301,FgMDM,22,0,3,session_0,22,1,defaultBand,001-2014,8,35,216,0.0,1
150,0.9761904761904763,ensemble-noDR,22,0,3,session_0,22,1,defaultBand,001-2014,8,35,216,0.0,1
151,0.9079365079365079,cov+elasticnet,22,0,3,session_0,22,1,defaultBand,001-2014,8,35,216,0.0,1
152,0.5603174603174602,imcoh+elasticnet,22,0,3,session_0,22,1,defaultBand,001-2014,8,35,216,0.0,1
153,0.8857142857142857,instantaneous+elasticnet,22,0,3,session_0,22,1,defaultBand,001-2014,8,35,216,0.0,1
154,0.9761904761904763,RegCSP+shLDA,22,0,3,session_0,22,1,defaultBand,001-2014,8,35,216,0.0,2
155,0.953968253968254,CSP+optSVM,22,0,3,session_0,22,1,defaultBand,001-2014,8,35,216,0.0,2
156,0.9523809523809524,FgMDM,22,0,3,session_0,22,1,defaultBand,001-2014,8,35,216,0.0,2
157,0.9761904761904763,ensemble-noDR,22,0,3,session_0,22,1,defaultBand,001-2014,8,35,216,0.0,2
158,0.9761904761904763,cov+elasticnet,22,0,3,session_0,22,1,defaultBand,001-2014,8,35,216,0.0,2
159,0.48253968253968255,imcoh+elasticnet,22,0,3,session_0,22,1,defaultBand,001-2014,8,35,216,0.0,2
160,0.8857142857142858,instantaneous+elasticnet,22,0,3,session_0,22,1,defaultBand,001-2014,8,35,216,0.0,2
161,0.9063492063492063,RegCSP+shLDA,22,0,3,session_0,22,1,defaultBand,001-2014,8,35,216,0.0,3
162,0.9063492063492063,CSP+optSVM,22,0,3,session_0,22,1,defaultBand,001-2014,8,35,216,0.0,3
163,0.9523809523809524,FgMDM,22,0,3,session_0,22,1,defaultBand,001-2014,8,35,216,0.0,3
164,0.9301587301587301,ensemble-noDR,22,0,3,session_0,22,1,defaultBand,001-2014,8,35,216,0.0,3
165,0.9301587301587301,cov+elasticnet,22,0,3,session_0,22,1,defaultBand,001-2014,8,35,216,0.0,3
166,0.5031746031746032,imcoh+elasticnet,22,0,3,session_0,22,1,defaultBand,001-2014,8,35,216,0.0,3
167,0.9301587301587301,instantaneous+elasticnet,22,0,3,session_0,22,1,defaultBand,001-2014,8,35,216,0.0,3
168,0.9555555555555556,RegCSP+shLDA,22,0,3,session_0,22,1,defaultBand,001-2014,8,35,216,0.0,4
169,0.9555555555555556,CSP+optSVM,22,0,3,session_0,22,1,defaultBand,001-2014,8,35,216,0.0,4
170,0.9301587301587301,FgMDM,22,0,3,session_0,22,1,defaultBand,001-2014,8,35,216,0.0,4
171,0.953968253968254,ensemble-noDR,22,0,3,session_0,22,1,defaultBand,001-2014,8,35,216,0.0,4
172,0.9301587301587301,cov+elasticnet,22,0,3,session_0,22,1,defaultBand,001-2014,8,35,216,0.0,4
173,0.5142857142857143,imcoh+elasticnet,22,0,3,session_0,22,1,defaultBand,001-2014,8,35,216,0.0,4
174,0.8841269841269841,instantaneous+elasticnet,22,0,3,session_0,22,1,defaultBand,001-2014,8,35,216,0.0,4
175,1.0,RegCSP+shLDA,22,0,3,session_0,22,1,defaultBand,001-2014,8,35,216,0.0,0
176,0.953968253968254,CSP+optSVM,22,0,3,session_0,22,1,defaultBand,001-2014,8,35,216,0.0,0
177,0.953968253968254,FgMDM,22,0,3,session_0,22,1,defaultBand,001-2014,8,35,216,0.0,0
178,0.9555555555555556,ensemble-noDR,22,0,3,session_0,22,1,defaultBand,001-2014,8,35,216,0.0,0
179,0.9777777777777779,cov+elasticnet,22,0,3,session_0,22,1,defaultBand,001-2014,8,35,216,0.0,0
180,0.5523809523809523,imcoh+elasticnet,22,0,3,session_0,22,1,defaultBand,001-2014,8,35,216,0.0,0
181,0.8873015873015874,instantaneous+elasticnet,22,0,3,session_0,22,1,defaultBand,001-2014,8,35,216,0.0,0
182,0.8841269841269842,RegCSP+shLDA,22,0,3,session_0,22,1,defaultBand,001-2014,8,35,216,0.0,1
183,0.8841269841269842,CSP+optSVM,22,0,3,session_0,22,1,defaultBand,001-2014,8,35,216,0.0,1
184,0.9555555555555556,FgMDM,22,0,3,session_0,22,1,defaultBand,001-2014,8,35,216,0.0,1
185,0.9555555555555556,ensemble-noDR,22,0,3,session_0,22,1,defaultBand,001-2014,8,35,216,0.0,1
186,0.9777777777777779,cov+elasticnet,22,0,3,session_0,22,1,defaultBand,001-2014,8,35,216,0.0,1
187,0.4666666666666666,imcoh+elasticnet,22,0,3,session_0,22,1,defaultBand,001-2014,8,35,216,0.0,1
188,0.8380952380952381,instantaneous+elasticnet,22,0,3,session_0,22,1,defaultBand,001-2014,8,35,216,0.0,1
189,0.8380952380952381,RegCSP+shLDA,22,0,3,session_0,22,1,defaultBand,001-2014,8,35,216,0.0,2
190,0.8380952380952381,CSP+optSVM,22,0,3,session_0,22,1,defaultBand,001-2014,8,35,216,0.0,2
191,0.8380952380952381,FgMDM,22,0,3,session_0,22,1,defaultBand,001-2014,8,35,216,0.0,2
192,0.953968253968254,ensemble-noDR,22,0,3,session_0,22,1,defaultBand,001-2014,8,35,216,0.0,2
193,0.9079365079365079,cov+elasticnet,22,0,3,session_0,22,1,defaultBand,001-2014,8,35,216,0.0,2
194,0.5730158730158731,imcoh+elasticnet,22,0,3,session_0,22,1,defaultBand,001-2014,8,35,216,0.0,2
195,0.9301587301587301,instantaneous+elasticnet,22,0,3,session_0,22,1,defaultBand,001-2014,8,35,216,0.0,2
196,0.9523809523809524,RegCSP+shLDA,22,0,3,session_0,22,1,defaultBand,001-2014,8,35,216,0.0,3
197,0.9047619047619048,CSP+optSVM,22,0,3,session_0,22,1,defaultBand,001-2014,8,35,216,0.0,3
198,0.9047619047619048,FgMDM,22,0,3,session_0,22,1,defaultBand,001-2014,8,35,216,0.0,3
199,0.9523809523809524,ensemble-noDR,22,0,3,session_0,22,1,defaultBand,001-2014,8,35,216,0.0,3
200,0.9523809523809524,cov+elasticnet,22,0,3,session_0,22,1,defaultBand,001-2014,8,35,216,0.0,3
201,0.5285714285714286,imcoh+elasticnet,22,0,3,session_0,22,1,defaultBand,001-2014,8,35,216,0.0,3
202,0.7888888888888889,instantaneous+elasticnet,22,0,3,session_0,22,1,defaultBand,001-2014,8,35,216,0.0,3
203,0.9047619047619048,RegCSP+shLDA,22,0,3,session_0,22,1,defaultBand,001-2014,8,35,216,0.0,4
204,0.8825396825396825,CSP+optSVM,22,0,3,session_0,22,1,defaultBand,001-2014,8,35,216,0.0,4
205,0.9285714285714285,FgMDM,22,0,3,session_0,22,1,defaultBand,001-2014,8,35,216,0.0,4
206,0.9523809523809524,ensemble-noDR,22,0,3,session_0,22,1,defaultBand,001-2014,8,35,216,0.0,4
207,0.9523809523809524,cov+elasticnet,22,0,3,session_0,22,1,defaultBand,001-2014,8,35,216,0.0,4
208,0.5158730158730159,imcoh+elasticnet,22,0,3,session_0,22,1,defaultBand,001-2014,8,35,216,0.0,4
209,0.9285714285714285,instantaneous+elasticnet,22,0,3,session_0,22,1,defaultBand,001-2014,8,35,216,0.0,4
210,0.6825396825396827,RegCSP+shLDA,22,0,4,session_0,22,1,defaultBand,001-2014,8,35,216,0.0,0
211,0.7047619047619048,CSP+optSVM,22,0,4,session_0,22,1,defaultBand,001-2014,8,35,216,0.0,0
212,0.7714285714285715,FgMDM,22,0,4,session_0,22,1,defaultBand,001-2014,8,35,216,0.0,0
213,0.815873015873016,ensemble-noDR,22,0,4,session_0,22,1,defaultBand,001-2014,8,35,216,0.0,0
214,0.7476190476190476,cov+elasticnet,22,0,4,session_0,22,1,defaultBand,001-2014,8,35,216,0.0,0
215,0.4523809523809524,imcoh+elasticnet,22,0,4,session_0,22,1,defaultBand,001-2014,8,35,216,0.0,0
216,0.7222222222222223,instantaneous+elasticnet,22,0,4,session_0,22,1,defaultBand,001-2014,8,35,216,0.0,0
217,0.6904761904761904,RegCSP+shLDA,22,0,4,session_0,22,1,defaultBand,001-2014,8,35,216,0.0,1
218,0.7380952380952381,CSP+optSVM,22,0,4,session_0,22,1,defaultBand,001-2014,8,35,216,0.0,1
219,0.8587301587301588,FgMDM,22,0,4,session_0,22,1,defaultBand,001-2014,8,35,216,0.0,1
220,0.9761904761904763,ensemble-noDR,22,0,4,session_0,22,1,defaultBand,001-2014,8,35,216,0.0,1
221,0.9301587301587301,cov+elasticnet,22,0,4,session_0,22,1,defaultBand,001-2014,8,35,216,0.0,1
222,0.46349206349206346,imcoh+elasticnet,22,0,4,session_0,22,1,defaultBand,001-2014,8,35,216,0.0,1
223,0.7174603174603175,instantaneous+elasticnet,22,0,4,session_0,22,1,defaultBand,001-2014,8,35,216,0.0,1
224,0.7634920634920634,RegCSP+shLDA,22,0,4,session_0,22,1,defaultBand,001-2014,8,35,216,0.0,2
225,0.765079365079365,CSP+optSVM,22,0,4,session_0,22,1,defaultBand,001-2014,8,35,216,0.0,2
226,0.8619047619047618,FgMDM,22,0,4,session_0,22,1,defaultBand,001-2014,8,35,216,0.0,2
227,0.8396825396825397,ensemble-noDR,22,0,4,session_0,22,1,defaultBand,001-2014,8,35,216,0.0,2
228,0.8634920634920635,cov+elasticnet,22,0,4,session_0,22,1,defaultBand,001-2014,8,35,216,0.0,2
229,0.5412698412698412,imcoh+elasticnet,22,0,4,session_0,22,1,defaultBand,001-2014,8,35,216,0.0,2
230,0.7412698412698413,instantaneous+elasticnet,22,0,4,session_0,22,1,defaultBand,001-2014,8,35,216,0.0,2
231,0.7682539682539682,RegCSP+shLDA,22,0,4,session_0,22,1,defaultBand,001-2014,8,35,216,0.0,3
232,0.6984126984126983,CSP+optSVM,22,0,4,session_0,22,1,defaultBand,001-2014,8,35,216,0.0,3
233,0.8603174603174604,FgMDM,22,0,4,session_0,22,1,defaultBand,001-2014,8,35,216,0.0,3
234,0.8825396825396826,ensemble-noDR,22,0,4,session_0,22,1,defaultBand,001-2014,8,35,216,0.0,3
235,0.8365079365079365,cov+elasticnet,22,0,4,session_0,22,1,defaultBand,001-2014,8,35,216,0.0,3
236,0.5857142857142857,imcoh+elasticnet,22,0,4,session_0,22,1,defaultBand,001-2014,8,35,216,0.0,3
237,0.765079365079365,instantaneous+elasticnet,22,0,4,session_0,22,1,defaultBand,001-2014,8,35,216,0.0,3
238,0.7666666666666667,RegCSP+shLDA,22,0,4,session_0,22,1,defaultBand,001-2014,8,35,216,0.0,4
239,0.7682539682539682,CSP+optSVM,22,0,4,session_0,22,1,defaultBand,001-2014,8,35,216,0.0,4
240,0.8603174603174604,FgMDM,22,0,4,session_0,22,1,defaultBand,001-2014,8,35,216,0.0,4
241,0.8603174603174604,ensemble-noDR,22,0,4,session_0,22,1,defaultBand,001-2014,8,35,216,0.0,4
242,0.8603174603174604,cov+elasticnet,22,0,4,session_0,22,1,defaultBand,001-2014,8,35,216,0.0,4
243,0.25238095238095243,imcoh+elasticnet,22,0,4,session_0,22,1,defaultBand,001-2014,8,35,216,0.0,4
244,0.765079365079365,instantaneous+elasticnet,22,0,4,session_0,22,1,defaultBand,001-2014,8,35,216,0.0,4
245,0.638095238095238,RegCSP+shLDA,22,0,4,session_0,22,1,defaultBand,001-2014,8,35,216,0.0,0
246,0.638095238095238,CSP+optSVM,22,0,4,session_0,22,1,defaultBand,001-2014,8,35,216,0.0,0
247,0.684126984126984,FgMDM,22,0,4,session_0,22,1,defaultBand,001-2014,8,35,216,0.0,0
248,0.7285714285714285,ensemble-noDR,22,0,4,session_0,22,1,defaultBand,001-2014,8,35,216,0.0,0
249,0.7047619047619048,cov+elasticnet,22,0,4,session_0,22,1,defaultBand,001-2014,8,35,216,0.0,0
250,0.4793650793650794,imcoh+elasticnet,22,0,4,session_0,22,1,defaultBand,001-2014,8,35,216,0.0,0
251,0.5904761904761905,instantaneous+elasticnet,22,0,4,session_0,22,1,defaultBand,001-2014,8,35,216,0.0,0
252,0.580952380952381,RegCSP+shLDA,22,0,4,session_0,22,1,defaultBand,001-2014,8,35,216,0.0,1
253,0.580952380952381,CSP+optSVM,22,0,4,session_0,22,1,defaultBand,001-2014,8,35,216,0.0,1
254,0.7222222222222222,FgMDM,22,0,4,session_0,22,1,defaultBand,001-2014,8,35,216,0.0,1
255,0.6555555555555556,ensemble-noDR,22,0,4,session_0,22,1,defaultBand,001-2014,8,35,216,0.0,1
256,0.719047619047619,cov+elasticnet,22,0,4,session_0,22,1,defaultBand,001-2014,8,35,216,0.0,1
257,0.2793650793650793,imcoh+elasticnet,22,0,4,session_0,22,1,defaultBand,001-2014,8,35,216,0.0,1
258,0.5619047619047619,instantaneous+elasticnet,22,0,4,session_0,22,1,defaultBand,001-2014,8,35,216,0.0,1
259,0.6047619047619048,RegCSP+shLDA,22,0,4,session_0,22,1,defaultBand,001-2014,8,35,216,0.0,2
260,0.6047619047619048,CSP+optSVM,22,0,4,session_0,22,1,defaultBand,001-2014,8,35,216,0.0,2
261,0.746031746031746,FgMDM,22,0,4,session_0,22,1,defaultBand,001-2014,8,35,216,0.0,2
262,0.7253968253968254,ensemble-noDR,22,0,4,session_0,22,1,defaultBand,001-2014,8,35,216,0.0,2
263,0.7238095238095239,cov+elasticnet,22,0,4,session_0,22,1,defaultBand,001-2014,8,35,216,0.0,2
264,0.30158730158730157,imcoh+elasticnet,22,0,4,session_0,22,1,defaultBand,001-2014,8,35,216,0.0,2
265,0.7015873015873016,instantaneous+elasticnet,22,0,4,session_0,22,1,defaultBand,001-2014,8,35,216,0.0,2
266,0.626984126984127,RegCSP+shLDA,22,0,4,session_0,22,1,defaultBand,001-2014,8,35,216,0.0,3
267,0.6746031746031745,CSP+optSVM,22,0,4,session_0,22,1,defaultBand,001-2014,8,35,216,0.0,3
268,0.6746031746031745,FgMDM,22,0,4,session_0,22,1,defaultBand,001-2014,8,35,216,0.0,3
269,0.6984126984126983,ensemble-noDR,22,0,4,session_0,22,1,defaultBand,001-2014,8,35,216,0.0,3
270,0.6968253968253969,cov+elasticnet,22,0,4,session_0,22,1,defaultBand,001-2014,8,35,216,0.0,3
271,0.34920634920634913,imcoh+elasticnet,22,0,4,session_0,22,1,defaultBand,001-2014,8,35,216,0.0,3
272,0.7444444444444445,instantaneous+elasticnet,22,0,4,session_0,22,1,defaultBand,001-2014,8,35,216,0.0,3
273,0.5761904761904763,RegCSP+shLDA,22,0,4,session_0,22,1,defaultBand,001-2014,8,35,216,0.0,4
274,0.580952380952381,CSP+optSVM,22,0,4,session_0,22,1,defaultBand,001-2014,8,35,216,0.0,4
275,0.7190476190476192,FgMDM,22,0,4,session_0,22,1,defaultBand,001-2014,8,35,216,0.0,4
276,0.811111111111111,ensemble-noDR,22,0,4,session_0,22,1,defaultBand,001-2014,8,35,216,0.0,4
277,0.6952380952380953,cov+elasticnet,22,0,4,session_0,22,1,defaultBand,001-2014,8,35,216,0.0,4
278,0.44126984126984126,imcoh+elasticnet,22,0,4,session_0,22,1,defaultBand,001-2014,8,35,216,0.0,4
279,0.5825396825396826,instantaneous+elasticnet,22,0,4,session_0,22,1,defaultBand,001-2014,8,35,216,0.0,4
280,0.4063492063492064,RegCSP+shLDA,22,0,5,session_0,22,1,defaultBand,001-2014,8,35,216,0.0,0
281,0.40317460317460313,CSP+optSVM,22,0,5,session_0,22,1,defaultBand,001-2014,8,35,216,0.0,0
282,0.40952380952380957,FgMDM,22,0,5,session_0,22,1,defaultBand,001-2014,8,35,216,0.0,0
283,0.638095238095238,ensemble-noDR,22,0,5,session_0,22,1,defaultBand,001-2014,8,35,216,0.0,0
284,0.4793650793650794,cov+elasticnet,22,0,5,session_0,22,1,defaultBand,001-2014,8,35,216,0.0,0
285,0.3412698412698412,imcoh+elasticnet,22,0,5,session_0,22,1,defaultBand,001-2014,8,35,216,0.0,0
286,0.5714285714285715,instantaneous+elasticnet,22,0,5,session_0,22,1,defaultBand,001-2014,8,35,216,0.0,0
287,0.5365079365079365,RegCSP+shLDA,22,0,5,session_0,22,1,defaultBand,001-2014,8,35,216,0.0,1
288,0.5142857142857143,CSP+optSVM,22,0,5,session_0,22,1,defaultBand,001-2014,8,35,216,0.0,1
289,0.4904761904761905,FgMDM,22,0,5,session_0,22,1,defaultBand,001-2014,8,35,216,0.0,1
290,0.7222222222222222,ensemble-noDR,22,0,5,session_0,22,1,defaultBand,001-2014,8,35,216,0.0,1
291,0.6793650793650793,cov+elasticnet,22,0,5,session_0,22,1,defaultBand,001-2014,8,35,216,0.0,1
292,0.48412698412698413,imcoh+elasticnet,22,0,5,session_0,22,1,defaultBand,001-2014,8,35,216,0.0,1
293,0.7444444444444445,instantaneous+elasticnet,22,0,5,session_0,22,1,defaultBand,001-2014,8,35,216,0.0,1
294,0.6047619047619048,RegCSP+shLDA,22,0,5,session_0,22,1,defaultBand,001-2014,8,35,216,0.0,2
295,0.5825396825396826,CSP+optSVM,22,0,5,session_0,22,1,defaultBand,001-2014,8,35,216,0.0,2
296,0.49206349206349204,FgMDM,22,0,5,session_0,22,1,defaultBand,001-2014,8,35,216,0.0,2
297,0.6555555555555556,ensemble-noDR,22,0,5,session_0,22,1,defaultBand,001-2014,8,35,216,0.0,2
298,0.5126984126984127,cov+elasticnet,22,0,5,session_0,22,1,defaultBand,001-2014,8,35,216,0.0,2
299,0.43809523809523804,imcoh+elasticnet,22,0,5,session_0,22,1,defaultBand,001-2014,8,35,216,0.0,2
300,0.6777777777777777,instantaneous+elasticnet,22,0,5,session_0,22,1,defaultBand,001-2014,8,35,216,0.0,2
301,0.5396825396825397,RegCSP+shLDA,22,0,5,session_0,22,1,defaultBand,001-2014,8,35,216,0.0,3
302,0.6333333333333333,CSP+optSVM,22,0,5,session_0,22,1,defaultBand,001-2014,8,35,216,0.0,3
303,0.7000000000000001,FgMDM,22,0,5,session_0,22,1,defaultBand,001-2014,8,35,216,0.0,3
304,0.8174603174603173,ensemble-noDR,22,0,5,session_0,22,1,defaultBand,001-2014,8,35,216,0.0,3
305,0.7000000000000001,cov+elasticnet,22,0,5,session_0,22,1,defaultBand,001-2014,8,35,216,0.0,3
306,0.3206349206349206,imcoh+elasticnet,22,0,5,session_0,22,1,defaultBand,001-2014,8,35,216,0.0,3
307,0.8412698412698413,instantaneous+elasticnet,22,0,5,session_0,22,1,defaultBand,001-2014,8,35,216,0.0,3
308,0.4444444444444444,RegCSP+shLDA,22,0,5,session_0,22,1,defaultBand,001-2014,8,35,216,0.0,4
309,0.4682539682539682,CSP+optSVM,22,0,5,session_0,22,1,defaultBand,001-2014,8,35,216,0.0,4
310,0.48888888888888893,FgMDM,22,0,5,session_0,22,1,defaultBand,001-2014,8,35,216,0.0,4
311,0.6507936507936508,ensemble-noDR,22,0,5,session_0,22,1,defaultBand,001-2014,8,35,216,0.0,4
312,0.5603174603174602,cov+elasticnet,22,0,5,session_0,22,1,defaultBand,001-2014,8,35,216,0.0,4
313,0.23809523809523805,imcoh+elasticnet,22,0,5,session_0,22,1,defaultBand,001-2014,8,35,216,0.0,4
314,0.6746031746031745,instantaneous+elasticnet,22,0,5,session_0,22,1,defaultBand,001-2014,8,35,216,0.0,4
315,0.4523809523809524,RegCSP+shLDA,22,0,5,session_0,22,1,defaultBand,001-2014,8,35,216,0.0,0
316,0.3190476190476191,CSP+optSVM,22,0,5,session_0,22,1,defaultBand,001-2014,8,35,216,0.0,0
317,0.5222222222222223,FgMDM,22,0,5,session_0,22,1,defaultBand,001-2014,8,35,216,0.0,0
318,0.5682539682539682,ensemble-noDR,22,0,5,session_0,22,1,defaultBand,001-2014,8,35,216,0.0,0
319,0.5222222222222223,cov+elasticnet,22,0,5,session_0,22,1,defaultBand,001-2014,8,35,216,0.0,0
320,0.5666666666666667,imcoh+elasticnet,22,0,5,session_0,22,1,defaultBand,001-2014,8,35,216,0.0,0
321,0.5904761904761905,instantaneous+elasticnet,22,0,5,session_0,22,1,defaultBand,001-2014,8,35,216,0.0,0
322,0.4682539682539682,RegCSP+shLDA,22,0,5,session_0,22,1,defaultBand,001-2014,8,35,216,0.0,1
323,0.5174603174603175,CSP+optSVM,22,0,5,session_0,22,1,defaultBand,001-2014,8,35,216,0.0,1
324,0.5571428571428572,FgMDM,22,0,5,session_0,22,1,defaultBand,001-2014,8,35,216,0.0,1
325,0.726984126984127,ensemble-noDR,22,0,5,session_0,22,1,defaultBand,001-2014,8,35,216,0.0,1
326,0.6047619047619047,cov+elasticnet,22,0,5,session_0,22,1,defaultBand,001-2014,8,35,216,0.0,1
327,0.34603174603174597,imcoh+elasticnet,22,0,5,session_0,22,1,defaultBand,001-2014,8,35,216,0.0,1
328,0.7714285714285714,instantaneous+elasticnet,22,0,5,session_0,22,1,defaultBand,001-2014,8,35,216,0.0,1
329,0.41904761904761906,RegCSP+shLDA,22,0,5,session_0,22,1,defaultBand,001-2014,8,35,216,0.0,2
330,0.34920634920634924,CSP+optSVM,22,0,5,session_0,22,1,defaultBand,001-2014,8,35,216,0.0,2
331,0.4158730158730159,FgMDM,22,0,5,session_0,22,1,defaultBand,001-2014,8,35,216,0.0,2
332,0.7444444444444445,ensemble-noDR,22,0,5,session_0,22,1,defaultBand,001-2014,8,35,216,0.0,2
333,0.4380952380952381,cov+elasticnet,22,0,5,session_0,22,1,defaultBand,001-2014,8,35,216,0.0,2
334,0.34920634920634913,imcoh+elasticnet,22,0,5,session_0,22,1,defaultBand,001-2014,8,35,216,0.0,2
335,0.6285714285714286,instantaneous+elasticnet,22,0,5,session_0,22,1,defaultBand,001-2014,8,35,216,0.0,2
336,0.4857142857142857,RegCSP+shLDA,22,0,5,session_0,22,1,defaultBand,001-2014,8,35,216,0.0,3
337,0.5349206349206349,CSP+optSVM,22,0,5,session_0,22,1,defaultBand,001-2014,8,35,216,0.0,3
338,0.5095238095238095,FgMDM,22,0,5,session_0,22,1,defaultBand,001-2014,8,35,216,0.0,3
339,0.8142857142857144,ensemble-noDR,22,0,5,session_0,22,1,defaultBand,001-2014,8,35,216,0.0,3
340,0.5333333333333333,cov+elasticnet,22,0,5,session_0,22,1,defaultBand,001-2014,8,35,216,0.0,3
341,0.3761904761904762,imcoh+elasticnet,22,0,5,session_0,22,1,defaultBand,001-2014,8,35,216,0.0,3
342,0.8142857142857144,instantaneous+elasticnet,22,0,5,session_0,22,1,defaultBand,001-2014,8,35,216,0.0,3
343,0.3984126984126985,RegCSP+shLDA,22,0,5,session_0,22,1,defaultBand,001-2014,8,35,216,0.0,4
344,0.4222222222222222,CSP+optSVM,22,0,5,session_0,22,1,defaultBand,001-2014,8,35,216,0.0,4
345,0.3968253968253968,FgMDM,22,0,5,session_0,22,1,defaultBand,001-2014,8,35,216,0.0,4
346,0.7238095238095238,ensemble-noDR,22,0,5,session_0,22,1,defaultBand,001-2014,8,35,216,0.0,4
347,0.4682539682539682,cov+elasticnet,22,0,5,session_0,22,1,defaultBand,001-2014,8,35,216,0.0,4
348,0.48571428571428577,imcoh+elasticnet,22,0,5,session_0,22,1,defaultBand,001-2014,8,35,216,0.0,4
349,0.7238095238095238,instantaneous+elasticnet,22,0,5,session_0,22,1,defaultBand,001-2014,8,35,216,0.0,4
350,0.5444444444444444,RegCSP+shLDA,22,0,6,session_0,22,1,defaultBand,001-2014,8,35,216,0.0,0
351,0.5888888888888889,CSP+optSVM,22,0,6,session_0,22,1,defaultBand,001-2014,8,35,216,0.0,0
352,0.6142857142857143,FgMDM,22,0,6,session_0,22,1,defaultBand,001-2014,8,35,216,0.0,0
353,0.7269841269841271,ensemble-noDR,22,0,6,session_0,22,1,defaultBand,001-2014,8,35,216,0.0,0
354,0.7253968253968254,cov+elasticnet,22,0,6,session_0,22,1,defaultBand,001-2014,8,35,216,0.0,0
355,0.4063492063492064,imcoh+elasticnet,22,0,6,session_0,22,1,defaultBand,001-2014,8,35,216,0.0,0
356,0.7047619047619048,instantaneous+elasticnet,22,0,6,session_0,22,1,defaultBand,001-2014,8,35,216,0.0,0
357,0.4222222222222222,RegCSP+shLDA,22,0,6,session_0,22,1,defaultBand,001-2014,8,35,216,0.0,1
358,0.4222222222222222,CSP+optSVM,22,0,6,session_0,22,1,defaultBand,001-2014,8,35,216,0.0,1
359,0.7222222222222223,FgMDM,22,0,6,session_0,22,1,defaultBand,001-2014,8,35,216,0.0,1
360,0.6047619047619047,ensemble-noDR,22,0,6,session_0,22,1,defaultBand,001-2014,8,35,216,0.0,1
361,0.6746031746031745,cov+elasticnet,22,0,6,session_0,22,1,defaultBand,001-2014,8,35,216,0.0,1
362,0.36984126984126986,imcoh+elasticnet,22,0,6,session_0,22,1,defaultBand,001-2014,8,35,216,0.0,1
363,0.5396825396825397,instantaneous+elasticnet,22,0,6,session_0,22,1,defaultBand,001-2014,8,35,216,0.0,1
364,0.5142857142857142,RegCSP+shLDA,22,0,6,session_0,22,1,defaultBand,001-2014,8,35,216,0.0,2
365,0.4666666666666666,CSP+optSVM,22,0,6,session_0,22,1,defaultBand,001-2014,8,35,216,0.0,2
366,0.5587301587301586,FgMDM,22,0,6,session_0,22,1,defaultBand,001-2014,8,35,216,0.0,2
367,0.6968253968253969,ensemble-noDR,22,0,6,session_0,22,1,defaultBand,001-2014,8,35,216,0.0,2
368,0.6523809523809524,cov+elasticnet,22,0,6,session_0,22,1,defaultBand,001-2014,8,35,216,0.0,2
369,0.4174603174603175,imcoh+elasticnet,22,0,6,session_0,22,1,defaultBand,001-2014,8,35,216,0.0,2
370,0.673015873015873,instantaneous+elasticnet,22,0,6,session_0,22,1,defaultBand,001-2014,8,35,216,0.0,2
371,0.5126984126984127,RegCSP+shLDA,22,0,6,session_0,22,1,defaultBand,001-2014,8,35,216,0.0,3
372,0.49523809523809526,CSP+optSVM,22,0,6,session_0,22,1,defaultBand,001-2014,8,35,216,0.0,3
373,0.6539682539682539,FgMDM,22,0,6,session_0,22,1,defaultBand,001-2014,8,35,216,0.0,3
374,0.6793650793650795,ensemble-noDR,22,0,6,session_0,22,1,defaultBand,001-2014,8,35,216,0.0,3
375,0.7238095238095239,cov+elasticnet,22,0,6,session_0,22,1,defaultBand,001-2014,8,35,216,0.0,3
376,0.3984126984126984,imcoh+elasticnet,22,0,6,session_0,22,1,defaultBand,001-2014,8,35,216,0.0,3
377,0.5396825396825397,instantaneous+elasticnet,22,0,6,session_0,22,1,defaultBand,001-2014,8,35,216,0.0,3
378,0.5301587301587302,RegCSP+shLDA,22,0,6,session_0,22,1,defaultBand,001-2014,8,35,216,0.0,4
379,0.5793650793650794,CSP+optSVM,22,0,6,session_0,22,1,defaultBand,001-2014,8,35,216,0.0,4
380,0.5587301587301586,FgMDM,22,0,6,session_0,22,1,defaultBand,001-2014,8,35,216,0.0,4
381,0.5317460317460317,ensemble-noDR,22,0,6,session_0,22,1,defaultBand,001-2014,8,35,216,0.0,4
382,0.5571428571428572,cov+elasticnet,22,0,6,session_0,22,1,defaultBand,001-2014,8,35,216,0.0,4
383,0.42063492063492064,imcoh+elasticnet,22,0,6,session_0,22,1,defaultBand,001-2014,8,35,216,0.0,4
384,0.4380952380952381,instantaneous+elasticnet,22,0,6,session_0,22,1,defaultBand,001-2014,8,35,216,0.0,4
385,0.7063492063492064,RegCSP+shLDA,22,0,6,session_0,22,1,defaultBand,001-2014,8,35,216,0.0,0
386,0.6587301587301587,CSP+optSVM,22,0,6,session_0,22,1,defaultBand,001-2014,8,35,216,0.0,0
387,0.6857142857142856,FgMDM,22,0,6,session_0,22,1,defaultBand,001-2014,8,35,216,0.0,0
388,0.6857142857142856,ensemble-noDR,22,0,6,session_0,22,1,defaultBand,001-2014,8,35,216,0.0,0
389,0.6857142857142856,cov+elasticnet,22,0,6,session_0,22,1,defaultBand,001-2014,8,35,216,0.0,0
390,0.4587301587301587,imcoh+elasticnet,22,0,6,session_0,22,1,defaultBand,001-2014,8,35,216,0.0,0
391,0.6111111111111112,instantaneous+elasticnet,22,0,6,session_0,22,1,defaultBand,001-2014,8,35,216,0.0,0
392,0.5841269841269842,RegCSP+shLDA,22,0,6,session_0,22,1,defaultBand,001-2014,8,35,216,0.0,1
393,0.5857142857142857,CSP+optSVM,22,0,6,session_0,22,1,defaultBand,001-2014,8,35,216,0.0,1
394,0.7015873015873016,FgMDM,22,0,6,session_0,22,1,defaultBand,001-2014,8,35,216,0.0,1
395,0.7936507936507936,ensemble-noDR,22,0,6,session_0,22,1,defaultBand,001-2014,8,35,216,0.0,1
396,0.746031746031746,cov+elasticnet,22,0,6,session_0,22,1,defaultBand,001-2014,8,35,216,0.0,1
397,0.5349206349206349,imcoh+elasticnet,22,0,6,session_0,22,1,defaultBand,001-2014,8,35,216,0.0,1
398,0.6476190476190476,instantaneous+elasticnet,22,0,6,session_0,22,1,defaultBand,001-2014,8,35,216,0.0,1
399,0.626984126984127,RegCSP+shLDA,22,0,6,session_0,22,1,defaultBand,001-2014,8,35,216,0.0,2
400,0.626984126984127,CSP+optSVM,22,0,6,session_0,22,1,defaultBand,001-2014,8,35,216,0.0,2
401,0.557142857142857,FgMDM,22,0,6,session_0,22,1,defaultBand,001-2014,8,35,216,0.0,2
402,0.5841269841269842,ensemble-noDR,22,0,6,session_0,22,1,defaultBand,001-2014,8,35,216,0.0,2
403,0.5825396825396826,cov+elasticnet,22,0,6,session_0,22,1,defaultBand,001-2014,8,35,216,0.0,2
404,0.4888888888888889,imcoh+elasticnet,22,0,6,session_0,22,1,defaultBand,001-2014,8,35,216,0.0,2
405,0.4904761904761905,instantaneous+elasticnet,22,0,6,session_0,22,1,defaultBand,001-2014,8,35,216,0.0,2
406,0.5603174603174603,RegCSP+shLDA,22,0,6,session_0,22,1,defaultBand,001-2014,8,35,216,0.0,3
407,0.5825396825396826,CSP+optSVM,22,0,6,session_0,22,1,defaultBand,001-2014,8,35,216,0.0,3
408,0.6523809523809524,FgMDM,22,0,6,session_0,22,1,defaultBand,001-2014,8,35,216,0.0,3
409,0.6492063492063492,ensemble-noDR,22,0,6,session_0,22,1,defaultBand,001-2014,8,35,216,0.0,3
410,0.6031746031746031,cov+elasticnet,22,0,6,session_0,22,1,defaultBand,001-2014,8,35,216,0.0,3
411,0.44285714285714284,imcoh+elasticnet,22,0,6,session_0,22,1,defaultBand,001-2014,8,35,216,0.0,3
412,0.4904761904761905,instantaneous+elasticnet,22,0,6,session_0,22,1,defaultBand,001-2014,8,35,216,0.0,3
413,0.5809523809523809,RegCSP+shLDA,22,0,6,session_0,22,1,defaultBand,001-2014,8,35,216,0.0,4
414,0.557142857142857,CSP+optSVM,22,0,6,session_0,22,1,defaultBand,001-2014,8,35,216,0.0,4
415,0.5349206349206349,FgMDM,22,0,6,session_0,22,1,defaultBand,001-2014,8,35,216,0.0,4
416,0.6285714285714286,ensemble-noDR,22,0,6,session_0,22,1,defaultBand,001-2014,8,35,216,0.0,4
417,0.6523809523809524,cov+elasticnet,22,0,6,session_0,22,1,defaultBand,001-2014,8,35,216,0.0,4
418,0.326984126984127,imcoh+elasticnet,22,0,6,session_0,22,1,defaultBand,001-2014,8,35,216,0.0,4
419,0.5349206349206349,instantaneous+elasticnet,22,0,6,session_0,22,1,defaultBand,001-2014,8,35,216,0.0,4
420,0.9079365079365079,RegCSP+shLDA,22,0,7,session_0,22,1,defaultBand,001-2014,8,35,216,0.0,0
421,0.9063492063492063,CSP+optSVM,22,0,7,session_0,22,1,defaultBand,001-2014,8,35,216,0.0,0
422,0.8841269841269841,FgMDM,22,0,7,session_0,22,1,defaultBand,001-2014,8,35,216,0.0,0
423,0.9317460317460317,ensemble-noDR,22,0,7,session_0,22,1,defaultBand,001-2014,8,35,216,0.0,0
424,0.953968253968254,cov+elasticnet,22,0,7,session_0,22,1,defaultBand,001-2014,8,35,216,0.0,0
425,0.4777777777777778,imcoh+elasticnet,22,0,7,session_0,22,1,defaultBand,001-2014,8,35,216,0.0,0
426,0.7015873015873014,instantaneous+elasticnet,22,0,7,session_0,22,1,defaultBand,001-2014,8,35,216,0.0,0
427,0.8825396825396825,RegCSP+shLDA,22,0,7,session_0,22,1,defaultBand,001-2014,8,35,216,0.0,1
428,0.8825396825396825,CSP+optSVM,22,0,7,session_0,22,1,defaultBand,001-2014,8,35,216,0.0,1
429,0.8380952380952381,FgMDM,22,0,7,session_0,22,1,defaultBand,001-2014,8,35,216,0.0,1
430,0.9317460317460317,ensemble-noDR,22,0,7,session_0,22,1,defaultBand,001-2014,8,35,216,0.0,1
431,0.8857142857142858,cov+elasticnet,22,0,7,session_0,22,1,defaultBand,001-2014,8,35,216,0.0,1
432,0.36984126984126986,imcoh+elasticnet,22,0,7,session_0,22,1,defaultBand,001-2014,8,35,216,0.0,1
433,0.8634920634920634,instantaneous+elasticnet,22,0,7,session_0,22,1,defaultBand,001-2014,8,35,216,0.0,1
434,0.953968253968254,RegCSP+shLDA,22,0,7,session_0,22,1,defaultBand,001-2014,8,35,216,0.0,2
435,0.9777777777777779,CSP+optSVM,22,0,7,session_0,22,1,defaultBand,001-2014,8,35,216,0.0,2
436,0.9523809523809524,FgMDM,22,0,7,session_0,22,1,defaultBand,001-2014,8,35,216,0.0,2
437,1.0,ensemble-noDR,22,0,7,session_0,22,1,defaultBand,001-2014,8,35,216,0.0,2
438,1.0,cov+elasticnet,22,0,7,session_0,22,1,defaultBand,001-2014,8,35,216,0.0,2
439,0.32539682539682535,imcoh+elasticnet,22,0,7,session_0,22,1,defaultBand,001-2014,8,35,216,0.0,2
440,0.7904761904761904,instantaneous+elasticnet,22,0,7,session_0,22,1,defaultBand,001-2014,8,35,216,0.0,2
441,0.8587301587301587,RegCSP+shLDA,22,0,7,session_0,22,1,defaultBand,001-2014,8,35,216,0.0,3
442,0.9063492063492063,CSP+optSVM,22,0,7,session_0,22,1,defaultBand,001-2014,8,35,216,0.0,3
443,0.8619047619047618,FgMDM,22,0,7,session_0,22,1,defaultBand,001-2014,8,35,216,0.0,3
444,0.9761904761904763,ensemble-noDR,22,0,7,session_0,22,1,defaultBand,001-2014,8,35,216,0.0,3
445,0.9523809523809524,cov+elasticnet,22,0,7,session_0,22,1,defaultBand,001-2014,8,35,216,0.0,3
446,0.4666666666666666,imcoh+elasticnet,22,0,7,session_0,22,1,defaultBand,001-2014,8,35,216,0.0,3
447,0.9079365079365079,instantaneous+elasticnet,22,0,7,session_0,22,1,defaultBand,001-2014,8,35,216,0.0,3
448,0.9285714285714285,RegCSP+shLDA,22,0,7,session_0,22,1,defaultBand,001-2014,8,35,216,0.0,4
449,0.9285714285714285,CSP+optSVM,22,0,7,session_0,22,1,defaultBand,001-2014,8,35,216,0.0,4
450,0.8841269841269841,FgMDM,22,0,7,session_0,22,1,defaultBand,001-2014,8,35,216,0.0,4
451,0.9285714285714285,ensemble-noDR,22,0,7,session_0,22,1,defaultBand,001-2014,8,35,216,0.0,4
452,0.9063492063492063,cov+elasticnet,22,0,7,session_0,22,1,defaultBand,001-2014,8,35,216,0.0,4
453,0.42063492063492064,imcoh+elasticnet,22,0,7,session_0,22,1,defaultBand,001-2014,8,35,216,0.0,4
454,0.765079365079365,instantaneous+elasticnet,22,0,7,session_0,22,1,defaultBand,001-2014,8,35,216,0.0,4
455,0.7206349206349206,RegCSP+shLDA,22,0,7,session_0,22,1,defaultBand,001-2014,8,35,216,0.0,0
456,0.7444444444444445,CSP+optSVM,22,0,7,session_0,22,1,defaultBand,001-2014,8,35,216,0.0,0
457,0.7936507936507936,FgMDM,22,0,7,session_0,22,1,defaultBand,001-2014,8,35,216,0.0,0
458,0.815873015873016,ensemble-noDR,22,0,7,session_0,22,1,defaultBand,001-2014,8,35,216,0.0,0
459,0.792063492063492,cov+elasticnet,22,0,7,session_0,22,1,defaultBand,001-2014,8,35,216,0.0,0
460,0.42698412698412697,imcoh+elasticnet,22,0,7,session_0,22,1,defaultBand,001-2014,8,35,216,0.0,0
461,0.6984126984126985,instantaneous+elasticnet,22,0,7,session_0,22,1,defaultBand,001-2014,8,35,216,0.0,0
462,0.8142857142857144,RegCSP+shLDA,22,0,7,session_0,22,1,defaultBand,001-2014,8,35,216,0.0,1
463,0.8825396825396825,CSP+optSVM,22,0,7,session_0,22,1,defaultBand,001-2014,8,35,216,0.0,1
464,0.8603174603174604,FgMDM,22,0,7,session_0,22,1,defaultBand,001-2014,8,35,216,0.0,1
465,0.9063492063492063,ensemble-noDR,22,0,7,session_0,22,1,defaultBand,001-2014,8,35,216,0.0,1
466,0.9063492063492063,cov+elasticnet,22,0,7,session_0,22,1,defaultBand,001-2014,8,35,216,0.0,1
467,0.5142857142857143,imcoh+elasticnet,22,0,7,session_0,22,1,defaultBand,001-2014,8,35,216,0.0,1
468,0.8428571428571429,instantaneous+elasticnet,22,0,7,session_0,22,1,defaultBand,001-2014,8,35,216,0.0,1
469,0.7682539682539682,RegCSP+shLDA,22,0,7,session_0,22,1,defaultBand,001-2014,8,35,216,0.0,2
470,0.7682539682539682,CSP+optSVM,22,0,7,session_0,22,1,defaultBand,001-2014,8,35,216,0.0,2
471,0.792063492063492,FgMDM,22,0,7,session_0,22,1,defaultBand,001-2014,8,35,216,0.0,2
472,0.8396825396825397,ensemble-noDR,22,0,7,session_0,22,1,defaultBand,001-2014,8,35,216,0.0,2
473,0.815873015873016,cov+elasticnet,22,0,7,session_0,22,1,defaultBand,001-2014,8,35,216,0.0,2
474,0.5142857142857142,imcoh+elasticnet,22,0,7,session_0,22,1,defaultBand,001-2014,8,35,216,0.0,2
475,0.7952380952380952,instantaneous+elasticnet,22,0,7,session_0,22,1,defaultBand,001-2014,8,35,216,0.0,2
476,0.7936507936507936,RegCSP+shLDA,22,0,7,session_0,22,1,defaultBand,001-2014,8,35,216,0.0,3
477,0.7936507936507936,CSP+optSVM,22,0,7,session_0,22,1,defaultBand,001-2014,8,35,216,0.0,3
478,0.7000000000000001,FgMDM,22,0,7,session_0,22,1,defaultBand,001-2014,8,35,216,0.0,3
479,0.8380952380952381,ensemble-noDR,22,0,7,session_0,22,1,defaultBand,001-2014,8,35,216,0.0,3
480,0.8619047619047618,cov+elasticnet,22,0,7,session_0,22,1,defaultBand,001-2014,8,35,216,0.0,3
481,0.46507936507936504,imcoh+elasticnet,22,0,7,session_0,22,1,defaultBand,001-2014,8,35,216,0.0,3
482,0.7904761904761904,instantaneous+elasticnet,22,0,7,session_0,22,1,defaultBand,001-2014,8,35,216,0.0,3
483,0.8333333333333334,RegCSP+shLDA,22,0,7,session_0,22,1,defaultBand,001-2014,8,35,216,0.0,4
484,0.8809523809523809,CSP+optSVM,22,0,7,session_0,22,1,defaultBand,001-2014,8,35,216,0.0,4
485,0.8111111111111112,FgMDM,22,0,7,session_0,22,1,defaultBand,001-2014,8,35,216,0.0,4
486,0.8825396825396825,ensemble-noDR,22,0,7,session_0,22,1,defaultBand,001-2014,8,35,216,0.0,4
487,0.8365079365079365,cov+elasticnet,22,0,7,session_0,22,1,defaultBand,001-2014,8,35,216,0.0,4
488,0.5317460317460317,imcoh+elasticnet,22,0,7,session_0,22,1,defaultBand,001-2014,8,35,216,0.0,4
489,0.7888888888888889,instantaneous+elasticnet,22,0,7,session_0,22,1,defaultBand,001-2014,8,35,216,0.0,4
490,0.7047619047619048,RegCSP+shLDA,22,0,8,session_0,22,1,defaultBand,001-2014,8,35,216,0.0,0
491,0.7507936507936508,CSP+optSVM,22,0,8,session_0,22,1,defaultBand,001-2014,8,35,216,0.0,0
492,0.7968253968253968,FgMDM,22,0,8,session_0,22,1,defaultBand,001-2014,8,35,216,0.0,0
493,0.8857142857142857,ensemble-noDR,22,0,8,session_0,22,1,defaultBand,001-2014,8,35,216,0.0,0
494,0.8650793650793651,cov+elasticnet,22,0,8,session_0,22,1,defaultBand,001-2014,8,35,216,0.0,0
495,0.46349206349206346,imcoh+elasticnet,22,0,8,session_0,22,1,defaultBand,001-2014,8,35,216,0.0,0
496,0.7746031746031746,instantaneous+elasticnet,22,0,8,session_0,22,1,defaultBand,001-2014,8,35,216,0.0,0
497,0.9301587301587301,RegCSP+shLDA,22,0,8,session_0,22,1,defaultBand,001-2014,8,35,216,0.0,1
498,0.953968253968254,CSP+optSVM,22,0,8,session_0,22,1,defaultBand,001-2014,8,35,216,0.0,1
499,0.9063492063492063,FgMDM,22,0,8,session_0,22,1,defaultBand,001-2014,8,35,216,0.0,1
500,0.9317460317460317,ensemble-noDR,22,0,8,session_0,22,1,defaultBand,001-2014,8,35,216,0.0,1
501,0.953968253968254,cov+elasticnet,22,0,8,session_0,22,1,defaultBand,001-2014,8,35,216,0.0,1
502,0.626984126984127,imcoh+elasticnet,22,0,8,session_0,22,1,defaultBand,001-2014,8,35,216,0.0,1
503,0.8857142857142858,instantaneous+elasticnet,22,0,8,session_0,22,1,defaultBand,001-2014,8,35,216,0.0,1
504,0.8365079365079365,RegCSP+shLDA,22,0,8,session_0,22,1,defaultBand,001-2014,8,35,216,0.0,2
505,0.792063492063492,CSP+optSVM,22,0,8,session_0,22,1,defaultBand,001-2014,8,35,216,0.0,2
506,0.8825396825396825,FgMDM,22,0,8,session_0,22,1,defaultBand,001-2014,8,35,216,0.0,2
507,0.834920634920635,ensemble-noDR,22,0,8,session_0,22,1,defaultBand,001-2014,8,35,216,0.0,2
508,0.8126984126984128,cov+elasticnet,22,0,8,session_0,22,1,defaultBand,001-2014,8,35,216,0.0,2
509,0.41904761904761906,imcoh+elasticnet,22,0,8,session_0,22,1,defaultBand,001-2014,8,35,216,0.0,2
510,0.8111111111111112,instantaneous+elasticnet,22,0,8,session_0,22,1,defaultBand,001-2014,8,35,216,0.0,2
511,0.9079365079365079,RegCSP+shLDA,22,0,8,session_0,22,1,defaultBand,001-2014,8,35,216,0.0,3
512,0.9079365079365079,CSP+optSVM,22,0,8,session_0,22,1,defaultBand,001-2014,8,35,216,0.0,3
513,0.9079365079365079,FgMDM,22,0,8,session_0,22,1,defaultBand,001-2014,8,35,216,0.0,3
514,0.9079365079365079,ensemble-noDR,22,0,8,session_0,22,1,defaultBand,001-2014,8,35,216,0.0,3
515,0.8841269841269841,cov+elasticnet,22,0,8,session_0,22,1,defaultBand,001-2014,8,35,216,0.0,3
516,0.3904761904761904,imcoh+elasticnet,22,0,8,session_0,22,1,defaultBand,001-2014,8,35,216,0.0,3
517,0.8412698412698413,instantaneous+elasticnet,22,0,8,session_0,22,1,defaultBand,001-2014,8,35,216,0.0,3
518,0.7904761904761904,RegCSP+shLDA,22,0,8,session_0,22,1,defaultBand,001-2014,8,35,216,0.0,4
519,0.673015873015873,CSP+optSVM,22,0,8,session_0,22,1,defaultBand,001-2014,8,35,216,0.0,4
520,0.746031746031746,FgMDM,22,0,8,session_0,22,1,defaultBand,001-2014,8,35,216,0.0,4
521,0.8174603174603176,ensemble-noDR,22,0,8,session_0,22,1,defaultBand,001-2014,8,35,216,0.0,4
522,0.8396825396825397,cov+elasticnet,22,0,8,session_0,22,1,defaultBand,001-2014,8,35,216,0.0,4
523,0.5603174603174602,imcoh+elasticnet,22,0,8,session_0,22,1,defaultBand,001-2014,8,35,216,0.0,4
524,0.8206349206349207,instantaneous+elasticnet,22,0,8,session_0,22,1,defaultBand,001-2014,8,35,216,0.0,4
525,0.9777777777777779,RegCSP+shLDA,22,0,8,session_0,22,1,defaultBand,001-2014,8,35,216,0.0,0
526,0.9317460317460317,CSP+optSVM,22,0,8,session_0,22,1,defaultBand,001-2014,8,35,216,0.0,0
527,0.8634920634920635,FgMDM,22,0,8,session_0,22,1,defaultBand,001-2014,8,35,216,0.0,0
528,0.953968253968254,ensemble-noDR,22,0,8,session_0,22,1,defaultBand,001-2014,8,35,216,0.0,0
529,0.9523809523809524,cov+elasticnet,22,0,8,session_0,22,1,defaultBand,001-2014,8,35,216,0.0,0
530,0.2507936507936508,imcoh+elasticnet,22,0,8,session_0,22,1,defaultBand,001-2014,8,35,216,0.0,0
531,0.8428571428571429,instantaneous+elasticnet,22,0,8,session_0,22,1,defaultBand,001-2014,8,35,216,0.0,0
532,0.7666666666666666,RegCSP+shLDA,22,0,8,session_0,22,1,defaultBand,001-2014,8,35,216,0.0,1
533,0.7428571428571429,CSP+optSVM,22,0,8,session_0,22,1,defaultBand,001-2014,8,35,216,0.0,1
534,0.7904761904761904,FgMDM,22,0,8,session_0,22,1,defaultBand,001-2014,8,35,216,0.0,1
535,0.7904761904761904,ensemble-noDR,22,0,8,session_0,22,1,defaultBand,001-2014,8,35,216,0.0,1
536,0.7666666666666667,cov+elasticnet,22,0,8,session_0,22,1,defaultBand,001-2014,8,35,216,0.0,1
537,0.41904761904761906,imcoh+elasticnet,22,0,8,session_0,22,1,defaultBand,001-2014,8,35,216,0.0,1
538,0.834920634920635,instantaneous+elasticnet,22,0,8,session_0,22,1,defaultBand,001-2014,8,35,216,0.0,1
539,0.8571428571428571,RegCSP+shLDA,22,0,8,session_0,22,1,defaultBand,001-2014,8,35,216,0.0,2
540,0.8809523809523809,CSP+optSVM,22,0,8,session_0,22,1,defaultBand,001-2014,8,35,216,0.0,2
541,0.8825396825396826,FgMDM,22,0,8,session_0,22,1,defaultBand,001-2014,8,35,216,0.0,2
542,0.8587301587301587,ensemble-noDR,22,0,8,session_0,22,1,defaultBand,001-2014,8,35,216,0.0,2
543,0.9047619047619048,cov+elasticnet,22,0,8,session_0,22,1,defaultBand,001-2014,8,35,216,0.0,2
544,0.4396825396825397,imcoh+elasticnet,22,0,8,session_0,22,1,defaultBand,001-2014,8,35,216,0.0,2
545,0.7412698412698413,instantaneous+elasticnet,22,0,8,session_0,22,1,defaultBand,001-2014,8,35,216,0.0,2
546,0.834920634920635,RegCSP+shLDA,22,0,8,session_0,22,1,defaultBand,001-2014,8,35,216,0.0,3
547,0.8571428571428571,CSP+optSVM,22,0,8,session_0,22,1,defaultBand,001-2014,8,35,216,0.0,3
548,0.7873015873015872,FgMDM,22,0,8,session_0,22,1,defaultBand,001-2014,8,35,216,0.0,3
549,0.8825396825396826,ensemble-noDR,22,0,8,session_0,22,1,defaultBand,001-2014,8,35,216,0.0,3
550,0.8809523809523809,cov+elasticnet,22,0,8,session_0,22,1,defaultBand,001-2014,8,35,216,0.0,3
551,0.5142857142857142,imcoh+elasticnet,22,0,8,session_0,22,1,defaultBand,001-2014,8,35,216,0.0,3
552,0.7904761904761907,instantaneous+elasticnet,22,0,8,session_0,22,1,defaultBand,001-2014,8,35,216,0.0,3
553,0.9095238095238095,RegCSP+shLDA,22,0,8,session_0,22,1,defaultBand,001-2014,8,35,216,0.0,4
554,0.8412698412698413,CSP+optSVM,22,0,8,session_0,22,1,defaultBand,001-2014,8,35,216,0.0,4
555,0.8380952380952381,FgMDM,22,0,8,session_0,22,1,defaultBand,001-2014,8,35,216,0.0,4
556,0.8142857142857142,ensemble-noDR,22,0,8,session_0,22,1,defaultBand,001-2014,8,35,216,0.0,4
557,0.9079365079365079,cov+elasticnet,22,0,8,session_0,22,1,defaultBand,001-2014,8,35,216,0.0,4
558,0.37777777777777777,imcoh+elasticnet,22,0,8,session_0,22,1,defaultBand,001-2014,8,35,216,0.0,4
559,0.6095238095238095,instantaneous+elasticnet,22,0,8,session_0,22,1,defaultBand,001-2014,8,35,216,0.0,4
560,0.7507936507936508,RegCSP+shLDA,22,0,9,session_0,22,1,defaultBand,001-2014,8,35,216,0.0,0
561,0.7730158730158729,CSP+optSVM,22,0,9,session_0,22,1,defaultBand,001-2014,8,35,216,0.0,0
562,0.953968253968254,FgMDM,22,0,9,session_0,22,1,defaultBand,001-2014,8,35,216,0.0,0
563,0.9333333333333332,ensemble-noDR,22,0,9,session_0,22,1,defaultBand,001-2014,8,35,216,0.0,0
564,0.9095238095238095,cov+elasticnet,22,0,9,session_0,22,1,defaultBand,001-2014,8,35,216,0.0,0
565,0.546031746031746,imcoh+elasticnet,22,0,9,session_0,22,1,defaultBand,001-2014,8,35,216,0.0,0
566,0.9063492063492063,instantaneous+elasticnet,22,0,9,session_0,22,1,defaultBand,001-2014,8,35,216,0.0,0
567,0.8396825396825397,RegCSP+shLDA,22,0,9,session_0,22,1,defaultBand,001-2014,8,35,216,0.0,1
568,0.8380952380952381,CSP+optSVM,22,0,9,session_0,22,1,defaultBand,001-2014,8,35,216,0.0,1
569,0.8841269841269841,FgMDM,22,0,9,session_0,22,1,defaultBand,001-2014,8,35,216,0.0,1
570,0.9063492063492063,ensemble-noDR,22,0,9,session_0,22,1,defaultBand,001-2014,8,35,216,0.0,1
571,0.9301587301587301,cov+elasticnet,22,0,9,session_0,22,1,defaultBand,001-2014,8,35,216,0.0,1
572,0.3857142857142857,imcoh+elasticnet,22,0,9,session_0,22,1,defaultBand,001-2014,8,35,216,0.0,1
573,0.7428571428571429,instantaneous+elasticnet,22,0,9,session_0,22,1,defaultBand,001-2014,8,35,216,0.0,1
574,0.8634920634920635,RegCSP+shLDA,22,0,9,session_0,22,1,defaultBand,001-2014,8,35,216,0.0,2
575,0.7952380952380952,CSP+optSVM,22,0,9,session_0,22,1,defaultBand,001-2014,8,35,216,0.0,2
576,0.9301587301587301,FgMDM,22,0,9,session_0,22,1,defaultBand,001-2014,8,35,216,0.0,2
577,0.9301587301587301,ensemble-noDR,22,0,9,session_0,22,1,defaultBand,001-2014,8,35,216,0.0,2
578,0.9301587301587301,cov+elasticnet,22,0,9,session_0,22,1,defaultBand,001-2014,8,35,216,0.0,2
579,0.4444444444444444,imcoh+elasticnet,22,0,9,session_0,22,1,defaultBand,001-2014,8,35,216,0.0,2
580,0.8158730158730158,instantaneous+elasticnet,22,0,9,session_0,22,1,defaultBand,001-2014,8,35,216,0.0,2
581,0.7698412698412698,RegCSP+shLDA,22,0,9,session_0,22,1,defaultBand,001-2014,8,35,216,0.0,3
582,0.7698412698412698,CSP+optSVM,22,0,9,session_0,22,1,defaultBand,001-2014,8,35,216,0.0,3
583,0.7714285714285714,FgMDM,22,0,9,session_0,22,1,defaultBand,001-2014,8,35,216,0.0,3
584,0.8634920634920635,ensemble-noDR,22,0,9,session_0,22,1,defaultBand,001-2014,8,35,216,0.0,3
585,0.8634920634920635,cov+elasticnet,22,0,9,session_0,22,1,defaultBand,001-2014,8,35,216,0.0,3
586,0.580952380952381,imcoh+elasticnet,22,0,9,session_0,22,1,defaultBand,001-2014,8,35,216,0.0,3
587,0.7746031746031746,instantaneous+elasticnet,22,0,9,session_0,22,1,defaultBand,001-2014,8,35,216,0.0,3
588,0.746031746031746,RegCSP+shLDA,22,0,9,session_0,22,1,defaultBand,001-2014,8,35,216,0.0,4
589,0.792063492063492,CSP+optSVM,22,0,9,session_0,22,1,defaultBand,001-2014,8,35,216,0.0,4
590,0.8158730158730158,FgMDM,22,0,9,session_0,22,1,defaultBand,001-2014,8,35,216,0.0,4
591,0.8587301587301588,ensemble-noDR,22,0,9,session_0,22,1,defaultBand,001-2014,8,35,216,0.0,4
592,0.9285714285714285,cov+elasticnet,22,0,9,session_0,22,1,defaultBand,001-2014,8,35,216,0.0,4
593,0.5857142857142857,imcoh+elasticnet,22,0,9,session_0,22,1,defaultBand,001-2014,8,35,216,0.0,4
594,0.6968253968253969,instantaneous+elasticnet,22,0,9,session_0,22,1,defaultBand,001-2014,8,35,216,0.0,4
595,0.7015873015873016,RegCSP+shLDA,22,0,9,session_0,22,1,defaultBand,001-2014,8,35,216,0.0,0
596,0.6793650793650793,CSP+optSVM,22,0,9,session_0,22,1,defaultBand,001-2014,8,35,216,0.0,0
597,0.653968253968254,FgMDM,22,0,9,session_0,22,1,defaultBand,001-2014,8,35,216,0.0,0
598,0.746031746031746,ensemble-noDR,22,0,9,session_0,22,1,defaultBand,001-2014,8,35,216,0.0,0
599,0.7000000000000001,cov+elasticnet,22,0,9,session_0,22,1,defaultBand,001-2014,8,35,216,0.0,0
600,0.5238095238095238,imcoh+elasticnet,22,0,9,session_0,22,1,defaultBand,001-2014,8,35,216,0.0,0
601,0.6365079365079365,instantaneous+elasticnet,22,0,9,session_0,22,1,defaultBand,001-2014,8,35,216,0.0,0
602,0.6285714285714286,RegCSP+shLDA,22,0,9,session_0,22,1,defaultBand,001-2014,8,35,216,0.0,1
603,0.6031746031746031,CSP+optSVM,22,0,9,session_0,22,1,defaultBand,001-2014,8,35,216,0.0,1
604,0.6507936507936507,FgMDM,22,0,9,session_0,22,1,defaultBand,001-2014,8,35,216,0.0,1
605,0.6523809523809524,ensemble-noDR,22,0,9,session_0,22,1,defaultBand,001-2014,8,35,216,0.0,1
606,0.6523809523809524,cov+elasticnet,22,0,9,session_0,22,1,defaultBand,001-2014,8,35,216,0.0,1
607,0.3968253968253968,imcoh+elasticnet,22,0,9,session_0,22,1,defaultBand,001-2014,8,35,216,0.0,1
608,0.6333333333333333,instantaneous+elasticnet,22,0,9,session_0,22,1,defaultBand,001-2014,8,35,216,0.0,1
609,0.5841269841269842,RegCSP+shLDA,22,0,9,session_0,22,1,defaultBand,001-2014,8,35,216,0.0,2
610,0.5111111111111111,CSP+optSVM,22,0,9,session_0,22,1,defaultBand,001-2014,8,35,216,0.0,2
611,0.5555555555555555,FgMDM,22,0,9,session_0,22,1,defaultBand,001-2014,8,35,216,0.0,2
612,0.5349206349206349,ensemble-noDR,22,0,9,session_0,22,1,defaultBand,001-2014,8,35,216,0.0,2
613,0.6031746031746031,cov+elasticnet,22,0,9,session_0,22,1,defaultBand,001-2014,8,35,216,0.0,2
614,0.4380952380952381,imcoh+elasticnet,22,0,9,session_0,22,1,defaultBand,001-2014,8,35,216,0.0,2
615,0.5126984126984128,instantaneous+elasticnet,22,0,9,session_0,22,1,defaultBand,001-2014,8,35,216,0.0,2
616,0.5825396825396826,RegCSP+shLDA,22,0,9,session_0,22,1,defaultBand,001-2014,8,35,216,0.0,3
617,0.5793650793650794,CSP+optSVM,22,0,9,session_0,22,1,defaultBand,001-2014,8,35,216,0.0,3
618,0.6476190476190476,FgMDM,22,0,9,session_0,22,1,defaultBand,001-2014,8,35,216,0.0,3
619,0.6253968253968254,ensemble-noDR,22,0,9,session_0,22,1,defaultBand,001-2014,8,35,216,0.0,3
620,0.6746031746031745,cov+elasticnet,22,0,9,session_0,22,1,defaultBand,001-2014,8,35,216,0.0,3
621,0.3,imcoh+elasticnet,22,0,9,session_0,22,1,defaultBand,001-2014,8,35,216,0.0,3
622,0.6031746031746031,instantaneous+elasticnet,22,0,9,session_0,22,1,defaultBand,001-2014,8,35,216,0.0,3
623,0.792063492063492,RegCSP+shLDA,22,0,9,session_0,22,1,defaultBand,001-2014,8,35,216,0.0,4
624,0.8587301587301588,CSP+optSVM,22,0,9,session_0,22,1,defaultBand,001-2014,8,35,216,0.0,4
625,0.6984126984126985,FgMDM,22,0,9,session_0,22,1,defaultBand,001-2014,8,35,216,0.0,4
626,0.7904761904761904,ensemble-noDR,22,0,9,session_0,22,1,defaultBand,001-2014,8,35,216,0.0,4
627,0.8126984126984128,cov+elasticnet,22,0,9,session_0,22,1,defaultBand,001-2014,8,35,216,0.0,4
628,0.3746031746031746,imcoh+elasticnet,22,0,9,session_0,22,1,defaultBand,001-2014,8,35,216,0.0,4
629,0.7476190476190476,instantaneous+elasticnet,22,0,9,session_0,22,1,defaultBand,001-2014,8,35,216,0.0,4
